<?xml version="1.0" encoding="UTF-8"?>
<addon id="plugin.video.kanal2.ee" version="0.0.5" name="Kanal2" provider-name="Üllar Pajus [yllar.pajus@gmail.com]">
    <requires>
        <import addon="xbmc.python" version="2.0"/>
        <import addon="script.module.buggalo" version="1.1.2"/>
        <import addon="script.module.elementtree" version="1.2.7"/>
    </requires>
    <extension point="xbmc.python.pluginsource" library="addon.py">
        <provides>video</provides>
    </extension>
    <extension point="xbmc.addon.metadata">
        <summary lang="en">Watch the latest shows from Kanal2</summary>
        <summary lang="et">Vaata Kanal2 Veebi-TVs olevaid saateid</summary>
        <description lang="en">This plugin allows you to see shows from www.kanal2.ee.</description>
	<description lang="et">Selle plugina abil saate vaadata www.kanal2.ee Veebi-TVs olevaid saateid.</description>
        <disclaimer lang="en">Some parts of this addon may not be legal in your country of residence - please check with your local laws. Plugin is as-is, without any warranty.</disclaimer>
        <disclaimer lang="et">Plugin on as-is ilma igasuguse garantiita.</disclaimer>
        <license>GPLv2</license>
        <platform>all</platform>
        <language>et</language>
    </extension>
</addon>
