<?xml version="1.0" encoding="UTF-8" standalone="yes"?>
<addon id="repository.yllar" name="Yllar's XBMC Addons" version="1.0.1" provider-name="yllar">
  <extension point="xbmc.addon.repository" name="Yllar's XBMC Addon Repository">
  <dir>
    <info compressed="false">https://github.com/yllar/yllar-xbmc-repo/raw/master/addons.xml</info>
    <checksum>https://github.com/yllar/yllar-xbmc-repo/raw/master/addons.xml.md5</checksum>
    <datadir zip="true">https://github.com/yllar/yllar-xbmc-repo/raw/master/repo/</datadir>
  </dir>
  </extension>
  <extension point="xbmc.addon.metadata">
    <summary lang="en">Install yllar's Addons</summary>
    <summary lang="et">Paigalda Üllari lisasid</summary>
    <description lang="en">Download and install addons by yllar</description>
    <description lang="et">Laadi alla ja paigalda Üllari poolt valmistatud lisasid</description>
    <platform>all</platform>
  </extension>
</addon>
