<?xml version="1.0" encoding="UTF-8"?>
<addon id="plugin.video.jupiter.err.ee" version="0.0.11" name="Jupiter" provider-name="Üllar Pajus [yllar.pajus@gmail.com]">
    <requires>
        <import addon="script.module.inputstreamhelper" version="0.5.0"/>
        <import addon="script.module.requests" version="2.22.0" />
    </requires>
    <extension point="xbmc.python.pluginsource" library="addon.py">
        <provides>video</provides>
    </extension>
    <extension point="xbmc.addon.metadata">
        <summary lang="en">Watch content from jupiter.err.ee</summary>
        <summary lang="et">Vaata jupiter.err.ee sisu</summary>
        <description lang="en">This plugin allows you to see content from ERR portal jupiter.err.ee</description>
	<description lang="et">Selle plugina abil saate vaadata jupiter.err.ee sisu</description>
        <disclaimer lang="en">Some parts of this addon may not be legal in your country of residence - please check with your local laws. Plugin is as-is, without any warranty.</disclaimer>
        <disclaimer lang="et">Plugin on as-is, ilma igasuguse garantiita.</disclaimer>
        <license>GPLv2</license>
        <platform>all</platform>
        <language>et</language>
        <news>
- 0.0.11 - fix Video playback stalls at 22 seconds #6

- 0.0.10 - Possible workaround for stream freezing

- 0.0.9 - fix #4 - broke support for Kodi v18

- 0.0.8 - otsing + mõned muudatused

- 0.0.7 - piltide leidmise parandus

- 0.0.6 - DRMiga kaitstud sisu mängimine

- 0.0.5 - Võimalus valida värve

- 0.0.4 - Vene kino piltide leidmise parandus, koodipuhastus

- 0.0.3 - lisandusid postrid, et lemmikute all oleks saate/sarja pilt näha.
          Pythoni sõltuvus eemaldatud, et saaks sama pluginat paigaldada nii Leia kui Matrix versioonile. Bugi #1

- 0.0.2 - uus valik võimaldab keelata piltide laadimise (kasulik aeglastel seadmetel nagu näiteks RaspberryPi)

- 0.0.1 - esmane väljalase
        </news>
    <assets>
        <icon>resources/icon.png</icon>
        <fanart>resources/fanart.png</fanart>
        <banner>resources/banner.png</banner>
        <screenshot>resources/screenshot-1.jpg</screenshot>
        <screenshot>resources/screenshot-2.jpg</screenshot>
        <screenshot>resources/screenshot-3.jpg</screenshot>
        <screenshot>resources/screenshot-4.jpg</screenshot>
    </assets>
    </extension>
</addon>
