<?xml version="1.0" encoding="UTF-8"?>
<addon id="plugin.video.etv.ee" version="0.0.22" name="ETV" provider-name="Üllar Pajus [yllar.pajus@gmail.com]">
    <requires>
        <import addon="xbmc.python" version="2.1.0"/>
        <import addon="script.module.buggalo" version="1.1.2"/>
        <import addon="script.module.simplejson" version="3.3.0"/>
    </requires>
    <extension point="xbmc.python.pluginsource" library="addon.py">
        <provides>video</provides>
    </extension>
    <extension point="xbmc.addon.metadata">
        <summary lang="en">Watch ETV video archive</summary>
        <summary lang="et">Vaata ETV arhiivis olevaid saated</summary>
        <description lang="en">This plugin allows you to see shows from ETV .</description>
	<description lang="et">Selle plugina abil saate vaadata ETV veebis olevaid saateid.</description>
        <disclaimer lang="en">Some parts of this addon may not be legal in your country of residence - please check with your local laws. Plugin is as-is, without any warranty.</disclaimer>
        <disclaimer lang="et">Plugin on as-is ilma igasuguse garantiita.</disclaimer>
        <license>GPLv2</license>
        <platform>all</platform>
        <language>et</language>
    </extension>
</addon>
